state, time, pressure
0,0.00,101324.98
0,0.04,101324.94
0,0.07,101324.90
0,0.11,101324.85
0,0.15,101324.80
0,0.18,101324.76
0,0.22,101324.72
0,0.25,101324.69
0,0.29,101324.65
0,0.33,101324.63
0,0.36,101324.58
0,0.40,101324.52
0,0.43,101324.45
0,0.47,101324.40
0,0.51,101324.38
0,0.54,101324.36
0,0.58,101324.34
0,0.61,101324.28
0,0.65,101324.24
0,0.69,101324.18
0,0.72,101324.13
0,0.76,101324.09
0,0.79,101324.06
0,0.83,101324.02
0,0.87,101323.98
0,0.90,101323.93
0,0.94,101323.87
0,0.97,101323.82
0,1.01,101323.74
0,1.05,101323.68
0,1.08,101323.63
0,1.13,101323.57
0,1.17,101323.52
0,1.20,101323.48
0,1.24,101323.45
0,1.27,101323.43
0,1.31,101323.41
0,1.35,101323.37
0,1.38,101323.36
0,1.42,101323.34
0,1.45,101323.32
0,1.49,101323.27
0,1.53,101323.23
0,1.56,101323.20
0,1.60,101323.17
0,1.63,101323.13
0,1.67,101323.11
0,1.71,101323.06
0,1.74,101323.04
0,1.78,101323.02
0,1.81,101323.01
0,1.85,101323.02
0,1.89,101323.02
0,1.92,101323.02
0,1.96,101323.01
0,1.99,101323.02
0,2.03,101323.03
0,2.07,101323.04
0,2.10,101323.05
0,2.14,101323.07
0,2.17,101323.07
0,2.21,101323.08
0,2.26,101323.09
0,2.29,101323.10
0,2.33,101323.10
0,2.37,101323.07
0,2.40,101323.05
0,2.44,101323.03
0,2.47,101323.02
0,2.51,101323.02
0,2.55,101323.02
0,2.58,101323.03
0,2.62,101323.02
0,2.65,101323.02
0,2.69,101323.03
0,2.73,101323.04
0,2.76,101323.06
0,2.80,101323.05
0,2.83,101323.04
0,2.87,101323.02
0,2.91,101323.02
0,2.94,101323.03
0,2.98,101323.02
0,3.01,101323.01
0,3.05,101323.01
0,3.09,101323.01
0,3.12,101322.99
0,3.16,101322.97
0,3.19,101322.98
0,3.23,101323.02
0,3.27,101323.09
0,3.30,101323.11
0,3.34,101323.07
0,3.39,101322.98
0,3.42,101322.88
0,3.46,101322.84
0,3.49,101322.80
0,3.53,101322.80
0,3.57,101322.81
0,3.60,101322.82
0,3.64,101322.88
0,3.67,101322.94
0,3.70,101322.98
0,3.71,101323.02
0,3.73,101323.02
0,3.74,101323.03
0,3.77,101323.04
0,3.78,101323.05
0,3.80,101323.03
0,3.81,101323.02
0,3.84,101323.02
0,3.84,101323.02
0,3.87,101322.99
0,3.88,101322.97
0,3.90,101322.96
0,3.91,101322.95
0,3.94,101322.93
0,3.95,101322.91
0,3.97,101322.92
0,3.98,101322.94
0,4.01,101322.95
0,4.01,101322.97
0,4.04,101322.97
0,4.05,101322.97
0,4.07,101322.97
0,4.10,101322.96
0,4.10,101322.95
0,4.13,101322.94
0,4.14,101322.92
0,4.16,101322.89
0,4.17,101322.86
0,4.20,101322.83
0,4.21,101322.80
0,4.23,101322.80
0,4.24,101322.80
0,4.27,101322.79
0,4.27,101322.78
0,4.30,101322.75
0,4.31,101322.72
0,4.34,101322.70
0,4.34,101322.67
0,4.37,101322.66
0,4.38,101322.64
0,4.40,101322.62
0,4.41,101322.59
0,4.44,101322.59
0,4.44,101322.58
0,4.47,101322.59
0,4.48,101322.59
0,4.51,101322.59
0,4.51,101322.59
0,4.54,101322.59
0,4.55,101322.59
0,4.57,101322.59
0,4.58,101322.59
0,4.60,101322.57
0,4.63,101322.54
0,4.63,101322.51
0,4.66,101322.48
0,4.67,101322.46
0,4.69,101322.45
0,4.70,101322.45
0,4.73,101322.44
0,4.74,101322.43
0,4.76,101322.39
0,4.77,101322.35
0,4.80,101322.34
0,4.80,101322.32
0,4.83,101322.29
0,4.84,101322.26
0,4.86,101322.23
0,4.87,101322.21
0,4.90,101322.17
0,4.91,101322.13
0,4.93,101322.12
0,4.94,101322.10
0,4.97,101322.07
0,4.97,101322.04
1,5.00,101322.00
1,5.01,101321.96
1,5.03,101238.53
1,5.04,101155.94
1,5.07,101108.94
1,5.07,101062.41
1,5.10,101043.38
1,5.11,101024.55
1,5.13,100997.77
1,5.16,100890.22
1,5.16,100783.74
1,5.19,100646.44
1,5.20,100510.51
1,5.22,100364.41
1,5.23,100219.78
1,5.26,100084.53
1,5.26,99950.63
1,5.29,99844.98
1,5.30,99740.38
1,5.32,99666.68
1,5.33,99593.72
1,5.36,99549.89
1,5.37,99506.50
1,5.39,99477.65
1,5.40,99449.09
1,5.43,99420.79
1,5.43,99392.78
1,5.46,99365.83
1,5.47,99339.15
1,5.49,99313.64
1,5.50,99288.39
1,5.53,99261.73
1,5.54,99235.34
1,5.56,99205.41
1,5.57,99175.77
1,5.60,99129.51
1,5.60,99083.71
1,5.63,99012.30
1,5.64,98941.61
1,5.66,98842.47
1,5.68,98744.32
1,5.71,98695.63
1,5.72,98647.42
1,5.74,98611.02
1,5.75,98574.99
1,5.78,98534.65
1,5.79,98494.71
1,5.81,98434.77
1,5.82,98375.42
1,5.85,98290.05
1,5.85,98205.52
1,5.88,98091.12
1,5.89,97977.85
1,5.91,97835.20
1,5.92,97693.98
1,5.95,97530.75
1,5.96,97369.15
1,5.98,97196.00
1,5.99,97024.58
1,6.02,96862.09
1,6.02,96701.22
1,6.05,96568.05
1,6.06,96436.20
1,6.09,96339.37
1,6.09,96243.50
1,6.12,96176.34
1,6.13,96109.86
1,6.15,96058.13
1,6.16,96006.93
1,6.19,95954.98
1,6.19,95903.55
1,6.22,95850.94
1,6.24,95798.85
1,6.27,95701.93
1,6.27,95605.98
1,6.30,95525.02
1,6.31,95444.87
1,6.34,95382.85
1,6.34,95321.45
1,6.37,95264.62
1,6.38,95208.34
1,6.40,95149.80
1,6.41,95091.85
1,6.44,95034.79
1,6.44,94978.30
1,6.47,94925.13
1,6.48,94872.50
1,6.51,94823.02
1,6.51,94774.05
1,6.54,94722.21
1,6.55,94670.90
1,6.57,94605.84
1,6.58,94541.45
1,6.61,94454.37
1,6.61,94368.16
1,6.64,94253.67
1,6.65,94140.32
1,6.68,93997.83
1,6.68,93856.76
1,6.71,93693.29
1,6.72,93531.46
1,6.74,93357.12
1,6.75,93184.52
1,6.78,93019.09
1,6.80,92855.33
1,6.83,92765.25
1,6.83,92676.08
1,6.86,92582.62
1,6.87,92490.09
1,6.89,92374.73
1,6.90,92260.52
1,6.93,92119.77
1,6.93,91980.44
1,6.96,91819.51
1,6.97,91660.19
1,7.00,91490.66
1,7.00,91322.84
1,7.03,91164.09
1,7.04,91006.94
1,7.06,90877.44
1,7.07,90749.23
1,7.10,90652.48
1,7.11,90556.70
1,7.13,90486.25
1,7.14,90416.50
1,7.17,90356.74
1,7.17,90297.58
1,7.20,90236.29
1,7.21,90175.62
1,7.23,90113.84
1,7.24,90052.67
1,7.27,89993.58
1,7.28,89935.07
1,7.30,89880.09
1,7.31,89825.66
1,7.34,89772.43
1,7.36,89719.73
1,7.38,89657.29
1,7.39,89595.47
1,7.42,89528.29
1,7.42,89461.78
1,7.45,89395.20
1,7.46,89329.27
1,7.48,89266.06
1,7.49,89203.48
1,7.52,89143.94
1,7.53,89084.98
1,7.55,89024.46
1,7.56,88964.55
1,7.59,88894.09
1,7.59,88824.35
1,7.62,88736.15
1,7.63,88648.83
1,7.65,88536.41
1,7.66,88425.11
1,7.69,88286.94
1,7.70,88150.15
1,7.72,87991.45
1,7.73,87834.33
1,7.76,87664.78
1,7.76,87496.93
1,7.79,87335.05
1,7.80,87174.78
1,7.82,87040.02
1,7.83,86906.60
1,7.86,86802.66
1,7.86,86699.75
1,7.89,86621.48
1,7.91,86544.01
1,7.94,86398.97
1,7.95,86255.38
1,7.97,86096.21
1,7.98,85938.64
1,8.01,85797.14
1,8.01,85657.05
1,8.04,85544.18
1,8.05,85432.44
1,8.07,85347.80
1,8.08,85264.00
1,8.11,85197.03
1,8.11,85130.73
1,8.14,85064.82
1,8.15,84999.56
1,8.18,84931.73
1,8.18,84864.58
1,8.21,84798.19
1,8.22,84732.46
1,8.24,84669.74
1,8.25,84607.65
1,8.28,84549.23
1,8.28,84491.39
1,8.31,84431.81
1,8.32,84372.83
1,8.35,84303.34
1,8.35,84234.54
1,8.38,84147.06
1,8.39,84060.46
1,8.41,83948.87
1,8.42,83838.39
1,8.45,83702.41
1,8.47,83567.78
1,8.49,83489.95
1,8.50,83412.91
1,8.53,83343.33
1,8.53,83274.45
1,8.56,83194.35
1,8.57,83115.05
1,8.60,83013.63
1,8.60,82913.21
1,8.63,82787.73
1,8.64,82663.50
1,8.66,82517.53
1,8.67,82373.02
1,8.70,82215.48
1,8.70,82059.50
1,8.73,81907.82
1,8.74,81757.66
1,8.77,81631.48
1,8.77,81506.58
1,8.80,81407.42
1,8.81,81309.26
1,8.83,81233.05
1,8.84,81157.60
1,8.87,81091.48
1,8.88,81026.02
1,8.90,80958.78
1,8.91,80892.22
1,8.94,80823.48
1,8.94,80755.44
1,8.97,80688.45
1,8.98,80622.14
1,9.00,80558.46
1,9.02,80495.41
1,9.05,80428.23
1,9.06,80361.71
1,9.08,80294.32
1,9.09,80227.60
1,9.12,80157.06
1,9.13,80087.23
1,9.15,80015.48
1,9.16,79944.45
1,9.19,79874.84
1,9.19,79805.94
1,9.22,79739.80
1,9.23,79674.34
1,9.25,79611.58
1,9.26,79549.45
1,9.29,79486.64
1,9.30,79424.46
1,9.32,79355.80
1,9.33,79287.82
1,9.36,79206.03
1,9.36,79125.05
1,9.39,79023.99
1,9.40,78923.94
1,9.42,78801.66
1,9.43,78680.60
1,9.46,78540.23
1,9.47,78401.26
1,9.49,78249.84
1,9.50,78099.93
1,9.53,77951.23
1,9.53,77804.03
1,9.56,77675.20
1,9.58,77547.66
1,9.61,77469.33
1,9.62,77391.77
1,9.65,77319.02
1,9.65,77247.00
1,9.68,77161.76
1,9.69,77077.37
1,9.71,76973.72
1,9.72,76871.11
1,9.75,76747.30
1,9.75,76624.73
1,9.78,76485.45
1,9.79,76347.56
1,9.81,76202.45
1,9.82,76058.80
1,9.85,75922.92
1,9.86,75788.41
1,9.88,75673.73
1,9.89,75560.20
1,9.92,75466.93
1,9.92,75374.59
1,9.95,75300.59
1,9.96,75227.31
1,9.98,75165.11
1,9.99,75103.53
1,10.02,75041.70
1,10.03,74980.48
1,10.05,74916.45
1,10.06,74853.05
1,10.09,74788.18
1,10.09,74723.95
1,10.12,74660.78
1,10.14,74598.24
1,10.17,74496.96
1,10.18,74396.70
1,10.20,74306.38
1,10.21,74216.98
1,10.24,74142.61
1,10.24,74068.99
1,10.27,74005.67
1,10.28,73942.98
1,10.31,73880.26
1,10.31,73818.16
1,10.34,73753.21
1,10.35,73688.91
1,10.37,73622.76
1,10.38,73557.27
1,10.41,73492.68
1,10.41,73428.73
1,10.44,73366.72
1,10.45,73305.33
1,10.48,73247.09
1,10.48,73189.45
1,10.51,73133.72
1,10.52,73078.55
1,10.54,73022.59
1,10.55,72967.18
1,10.58,72906.39
1,10.59,72846.21
1,10.61,72773.37
1,10.62,72701.25
1,10.65,72612.55
1,10.65,72524.73
1,10.67,72433.17
1,10.70,72360.98
1,10.71,72289.52
1,10.73,72220.77
1,10.74,72152.70
1,10.77,72085.45
1,10.77,72018.86
1,10.80,71953.94
1,10.81,71889.66
1,10.84,71828.06
1,10.84,71767.08
1,10.87,71708.91
1,10.88,71651.32
1,10.90,71595.00
1,10.91,71539.24
1,10.94,71482.14
1,10.94,71425.61
1,10.97,71362.69
1,10.98,71300.40
1,11.01,71224.70
2,11.01,71149.74
2,11.04,71061.11
2,11.05,70973.37
2,11.07,70910.29
2,11.08,70847.84
2,11.11,70789.52
2,11.11,70731.78
2,11.14,70675.76
2,11.15,70620.30
2,11.18,70566.47
2,11.18,70513.18
2,11.20,70460.60
2,11.23,70409.05
2,11.23,70358.02
2,11.26,70307.86
2,11.27,70258.20
2,11.30,70209.40
2,11.30,70161.08
2,11.33,70113.57
2,11.34,70066.54
2,11.36,70020.34
2,11.37,69974.59
2,11.40,69929.70
2,11.40,69885.24
2,11.43,69841.58
2,11.44,69798.35
2,11.47,69755.91
2,11.47,69713.89
2,11.50,69672.59
2,11.51,69631.70
2,11.53,69591.52
2,11.54,69551.75
2,11.57,69512.69
2,11.57,69474.02
2,11.60,69436.06
2,11.61,69398.49
2,11.64,69361.60
2,11.64,69325.08
2,11.67,69289.20
2,11.68,69253.69
2,11.70,69218.82
2,11.71,69184.30
2,11.73,69150.32
2,11.76,69117.01
2,11.76,69084.02
2,11.79,69051.68
2,11.80,69019.66
2,11.82,68988.27
2,11.83,68957.20
2,11.86,68926.71
2,11.87,68896.52
2,11.89,68866.95
2,11.90,68837.67
2,11.93,68808.95
2,11.93,68780.52
2,11.96,68752.70
2,11.97,68725.15
2,11.99,68698.17
2,12.00,68671.46
2,12.03,68645.30
2,12.04,68619.39
2,12.06,68594.02
2,12.07,68568.90
2,12.10,68544.34
2,12.10,68520.02
2,12.13,68496.23
2,12.14,68472.70
2,12.16,68449.70
2,12.17,68426.92
2,12.20,68404.66
2,12.21,68382.61
2,12.23,68361.06
2,12.24,68339.73
2,12.26,68318.76
2,12.29,68298.30
2,12.29,68278.04
2,12.32,68258.24
2,12.33,68238.65
2,12.35,68219.52
2,12.36,68200.59
2,12.39,68182.09
2,12.40,68163.79
2,12.42,68145.94
2,12.43,68128.27
2,12.46,68111.07
2,12.46,68094.05
2,12.49,68077.47
2,12.50,68061.05
2,12.52,68045.09
2,12.53,68029.27
2,12.56,68013.89
2,12.56,67998.66
2,12.59,67983.88
2,12.60,67969.24
2,12.63,67955.03
2,12.63,67940.97
2,12.66,67927.28
2,12.67,67913.73
2,12.69,67900.58
2,12.70,67887.55
2,12.73,67874.94
2,12.73,67862.45
2,12.76,67850.34
2,12.77,67838.37
2,12.79,67826.66
2,12.81,67815.36
2,12.82,67804.17
2,12.85,67793.35
2,12.86,67782.64
2,12.88,67772.28
2,12.89,67762.03
2,12.92,67752.16
2,12.92,67742.38
2,12.95,67732.96
2,12.96,67723.64
2,12.98,67714.70
2,12.99,67705.85
2,13.02,67697.35
2,13.03,67688.93
2,13.05,67680.86
2,13.06,67672.88
2,13.09,67665.23
2,13.09,67657.66
2,13.12,67650.42
2,13.13,67643.27
2,13.15,67636.44
2,13.16,67629.67
2,13.19,67623.22
2,13.20,67616.83
2,13.22,67610.80
2,13.23,67604.82
2,13.26,67599.17
2,13.26,67593.58
2,13.29,67588.28
2,13.30,67583.04
2,13.32,67577.98
2,13.35,67573.27
2,13.35,67568.59
2,13.38,67564.22
2,13.39,67559.89
2,13.41,67555.91
2,13.42,67551.98
2,13.45,67548.34
2,13.46,67544.73
2,13.48,67541.42
2,13.49,67538.14
2,13.52,67535.17
2,13.52,67532.23
2,13.55,67529.59
2,13.56,67526.98
2,13.59,67524.63
2,13.59,67522.30
2,13.62,67520.23
2,13.63,67518.19
2,13.65,67516.44
2,13.66,67514.70
2,13.69,67513.22
2,13.69,67511.75
2,13.72,67510.53
2,13.73,67509.33
2,13.76,67508.39
2,13.76,67507.46
2,13.79,67506.86
2,13.80,67506.26
2,13.82,67505.90
2,13.83,67505.55
2,13.85,67505.35
2,13.88,67505.41
2,13.88,67505.48
2,13.91,67505.82
2,13.92,67506.16
2,13.94,67506.75
2,13.95,67507.33
2,13.98,67508.15
2,13.98,67508.96
2,14.01,67510.03
2,14.02,67511.09
2,14.05,67512.38
2,14.05,67513.65
2,14.08,67515.19
2,14.09,67516.71
2,14.11,67518.48
2,14.12,67520.23
2,14.15,67522.20
2,14.15,67524.16
2,14.18,67526.35
2,14.19,67528.52
2,14.22,67530.90
2,14.22,67533.25
2,14.25,67535.83
2,14.26,67538.38
2,14.28,67541.18
2,14.29,67543.95
2,14.32,67546.98
2,14.32,67549.98
2,14.35,67553.20
2,14.36,67556.38
2,14.38,67559.66
2,14.40,67563.20
2,14.41,67566.70
2,14.44,67570.40
2,14.45,67574.06
2,14.47,67577.95
2,14.48,67581.79
2,14.51,67585.84
2,14.51,67589.84
2,14.54,67594.08
2,14.55,67598.27
2,14.57,67602.68
2,14.58,67607.05
2,14.61,67611.61
2,14.62,67616.13
2,14.64,67620.84
2,14.65,67625.52
2,14.68,67630.38
2,14.68,67635.19
2,14.71,67640.20
2,14.72,67645.17
2,14.74,67650.38
2,14.75,67655.55
2,14.78,67660.88
2,14.79,67666.16
2,14.81,67671.68
2,14.82,67677.14
2,14.85,67682.81
2,14.85,67688.43
2,14.88,67694.23
2,14.89,67699.96
2,14.91,67705.77
2,14.93,67711.79
2,14.94,67717.74
2,14.97,67723.85
2,14.98,67729.91
2,15.00,67736.19
2,15.01,67742.41
2,15.04,67748.79
2,15.04,67755.11
2,15.07,67761.62
2,15.08,67768.05
2,15.10,67774.66
2,15.11,67781.20
2,15.14,67787.93
2,15.15,67794.60
2,15.17,67801.45
2,15.18,67808.23
2,15.21,67815.22
2,15.21,67822.13
2,15.24,67829.23
2,15.25,67836.27
2,15.27,67843.46
2,15.28,67850.58
2,15.31,67857.87
2,15.31,67865.09
2,15.34,67872.50
2,15.35,67879.84
2,15.38,67887.34
2,15.38,67894.77
2,15.41,67902.37
2,15.42,67909.88
2,15.44,67917.47
2,15.46,67925.25
2,15.47,67932.95
2,15.50,67940.83
2,15.50,67948.63
2,15.53,67956.58
2,15.54,67964.45
2,15.56,67972.51
2,15.57,67980.48
2,15.60,67988.61
2,15.61,67996.66
2,15.63,68004.84
2,15.64,68012.95
2,15.67,68021.22
2,15.67,68029.41
2,15.70,68037.77
2,15.71,68046.06
2,15.73,68054.54
2,15.74,68062.93
2,15.77,68071.48
2,15.78,68079.95
2,15.80,68088.56
2,15.81,68097.09
2,15.84,68105.80
2,15.84,68114.42
2,15.87,68123.20
2,15.88,68131.88
2,15.90,68140.71
2,15.91,68149.46
2,15.94,68158.38
2,15.95,68167.20
2,15.97,68176.06
2,15.99,68185.14
2,16.00,68194.13
2,16.03,68203.25
2,16.04,68212.28
2,16.06,68221.46
2,16.07,68230.55
2,16.10,68239.81
2,16.10,68248.98
2,16.13,68258.30
2,16.14,68267.52
2,16.17,68276.91
2,16.17,68286.21
2,16.20,68295.67
2,16.21,68305.04
2,16.23,68314.56
2,16.24,68323.98
2,16.27,68333.55
2,16.27,68343.03
2,16.30,68352.64
2,16.31,68362.16
2,16.33,68371.84
2,16.34,68381.41
2,16.37,68391.14
2,16.38,68400.77
2,16.40,68410.52
2,16.41,68420.19
2,16.44,68430.00
2,16.44,68439.72
2,16.47,68449.58
2,16.48,68459.34
2,16.50,68469.13
2,16.52,68479.06
2,16.53,68488.90
2,16.56,68498.87
2,16.57,68508.74
2,16.59,68518.75
2,16.60,68528.66
2,16.63,68538.70
2,16.63,68548.66
2,16.66,68558.73
2,16.67,68568.71
2,16.69,68578.84
2,16.70,68588.86
2,16.73,68599.05
2,16.74,68609.13
2,16.76,68619.37
2,16.77,68629.50
2,16.80,68639.76
2,16.80,68649.91
2,16.83,68660.20
2,16.84,68670.38
2,16.86,68680.70
2,16.87,68690.91
2,16.90,68701.27
2,16.91,68711.51
2,16.93,68721.87
2,16.94,68732.13
2,16.97,68742.50
2,16.97,68752.77
2,17.00,68763.21
2,17.01,68773.54
2,17.03,68783.88
2,17.05,68794.34
2,17.06,68804.69
2,17.09,68815.21
2,17.09,68825.63
2,17.12,68836.20
2,17.13,68846.66
2,17.16,68857.20
2,17.16,68867.65
2,17.19,68878.23
2,17.20,68888.72
2,17.22,68899.34
2,17.23,68909.84
2,17.26,68920.45
2,17.26,68930.96
2,17.29,68941.56
2,17.30,68952.06
2,17.33,68962.69
2,17.33,68973.21
2,17.36,68983.88
2,17.37,68994.44
2,17.39,69005.09
2,17.40,69015.65
2,17.43,69026.33
2,17.43,69036.90
2,17.46,69047.56
2,17.47,69058.12
2,17.50,69068.80
2,17.50,69079.37
2,17.53,69090.06
2,17.54,69100.66
2,17.56,69111.23
2,17.58,69121.99
2,17.59,69132.64
2,17.62,69143.41
2,17.62,69154.09
2,17.65,69164.87
2,17.66,69175.54
2,17.68,69186.35
2,17.69,69197.06
2,17.72,69207.87
2,17.73,69218.56
2,17.75,69229.37
2,17.76,69240.06
2,17.79,69250.87
2,17.79,69261.56
2,17.82,69272.36
2,17.83,69283.05
2,17.85,69293.88
2,17.86,69304.59
2,17.89,69315.43
2,17.90,69326.16
2,17.92,69337.00
2,17.93,69347.73
2,17.96,69358.58
2,17.96,69369.31
2,17.99,69380.16
2,18.00,69390.89
2,18.02,69401.74
2,18.03,69412.48
2,18.06,69423.30
2,18.07,69434.00
2,18.08,69444.73
2,18.11,69455.61
2,18.12,69466.38
2,18.15,69477.23
2,18.15,69487.98
2,18.18,69498.84
2,18.19,69509.59
2,18.21,69520.47
2,18.22,69531.23
2,18.25,69542.13
2,18.25,69552.91
2,18.28,69563.80
2,18.29,69574.59
2,18.32,69585.47
2,18.32,69596.23
2,18.35,69607.10
2,18.36,69617.86
2,18.38,69628.72
2,18.39,69639.47
2,18.42,69650.36
2,18.42,69661.14
2,18.45,69672.03
2,18.46,69682.81
2,18.49,69693.66
2,18.49,69704.41
2,18.52,69715.26
2,18.53,69726.01
2,18.55,69736.86
2,18.56,69747.60
2,18.59,69758.46
2,18.59,69769.21
2,18.61,69779.95
2,18.64,69790.82
2,18.65,69801.58
2,18.67,69812.45
2,18.68,69823.22
2,18.71,69834.10
2,18.72,69844.88
2,18.74,69855.73
2,18.75,69866.48
2,18.78,69877.33
2,18.78,69888.06
2,18.81,69898.92
2,18.82,69909.67
2,18.84,69920.51
2,18.85,69931.23
2,18.88,69942.02
2,18.89,69952.70
2,18.91,69963.52
2,18.92,69974.23
2,18.95,69985.06
2,18.95,69995.78
2,18.98,70006.59
2,18.99,70017.30
2,19.01,70028.13
2,19.02,70038.84
2,19.05,70049.64
2,19.06,70060.34
2,19.08,70071.11
2,19.09,70081.77
2,19.12,70092.52
2,19.12,70103.18
2,19.15,70113.84
2,19.17,70124.58
2,19.18,70135.22
2,19.21,70145.99
2,19.21,70156.66
2,19.24,70167.46
2,19.25,70178.16
2,19.27,70188.91
2,19.28,70199.56
2,19.31,70210.34
2,19.32,70221.02
2,19.34,70231.79
2,19.35,70242.45
2,19.38,70253.20
2,19.38,70263.83
2,19.41,70274.57
2,19.42,70285.21
2,19.44,70295.95
2,19.45,70306.57
2,19.48,70317.30
2,19.49,70327.91
2,19.51,70338.64
2,19.52,70349.27
2,19.55,70359.98
2,19.55,70370.58
2,19.58,70381.29
2,19.59,70391.89
2,19.61,70402.56
2,19.62,70413.13
2,19.65,70423.80
2,19.66,70434.36
2,19.67,70444.93
2,19.70,70455.60
2,19.71,70466.16
2,19.74,70476.83
2,19.74,70487.39
2,19.77,70498.06
2,19.78,70508.63
2,19.80,70519.29
2,19.81,70529.84
2,19.84,70540.49
2,19.84,70551.04
2,19.87,70561.70
2,19.88,70572.24
2,19.91,70582.89
2,19.91,70593.43
2,19.94,70604.04
2,19.95,70614.55
2,19.97,70625.14
2,19.98,70635.63
2,20.01,70646.20
2,20.01,70656.67
2,20.04,70667.23
2,20.05,70677.69
2,20.08,70688.27
2,20.08,70698.73
2,20.11,70709.30
2,20.12,70719.75
2,20.14,70730.29
2,20.15,70740.72
2,20.18,70751.23
2,20.18,70761.65
2,20.20,70772.07
2,20.23,70782.59
2,20.24,70793.01
2,20.26,70803.51
2,20.27,70813.91
2,20.30,70824.38
2,20.31,70834.76
2,20.33,70845.27
2,20.34,70855.68
2,20.37,70866.17
2,20.37,70876.55
2,20.40,70887.03
2,20.41,70897.41
2,20.43,70907.87
2,20.44,70918.23
2,20.47,70928.69
2,20.48,70939.04
2,20.50,70949.47
2,20.51,70959.80
2,20.54,70970.23
2,20.54,70980.55
2,20.57,70990.95
2,20.58,71001.26
2,20.60,71011.65
2,20.61,71021.94
2,20.64,71032.34
2,20.65,71042.65
2,20.67,71053.04
2,20.68,71063.33
2,20.71,71073.69
2,20.71,71083.95
2,20.73,71094.20
2,20.76,71104.54
2,20.77,71114.77
2,20.79,71125.06
2,20.80,71135.26
2,20.83,71145.57
2,20.83,71155.78
2,20.86,71166.08
2,20.87,71176.27
2,20.90,71186.55
2,20.90,71196.73
2,20.93,71207.02
2,20.94,71217.21
2,20.96,71227.49
2,20.97,71237.67
2,21.00,71247.96
2,21.00,71258.15
2,21.03,71268.44
2,21.04,71278.62
2,21.07,71288.86
2,21.07,71299.00
2,21.10,71309.26
2,21.11,71319.41
2,21.13,71329.66
2,21.14,71339.80
2,21.17,71350.02
2,21.17,71360.13
2,21.20,71370.31
2,21.21,71380.39
2,21.24,71390.59
2,21.24,71400.70
2,21.26,71410.79
2,21.29,71420.98
2,21.30,71431.06
2,21.32,71441.22
2,21.33,71451.27
2,21.36,71461.42
2,21.36,71471.47
2,21.39,71481.61
2,21.40,71491.65
2,21.42,71501.78
2,21.43,71511.81
2,21.46,71521.95
2,21.47,71531.98
2,21.49,71542.09
2,21.50,71552.11
2,21.53,71562.23
2,21.53,71572.24
2,21.56,71582.36
2,21.57,71592.38
2,21.59,71602.47
2,21.60,71612.46
2,21.63,71622.55
2,21.64,71632.55
2,21.66,71642.62
2,21.67,71652.59
2,21.70,71662.66
2,21.70,71672.62
2,21.73,71682.66
2,21.74,71692.61
2,21.76,71702.66
2,21.77,71712.60
2,21.79,71722.53
2,21.82,71732.53
2,21.82,71742.43
2,21.85,71752.48
2,21.86,71762.42
2,21.89,71772.45
2,21.89,71782.38
2,21.92,71792.39
2,21.93,71802.30
2,21.95,71812.27
2,21.96,71822.13
2,21.99,71832.08
2,21.99,71841.92
2,22.02,71851.85
2,22.03,71861.69
2,22.06,71871.61
2,22.06,71881.43
2,22.09,71891.35
2,22.10,71901.17
2,22.12,71911.09
2,22.13,71920.90
2,22.16,71930.84
2,22.16,71940.70
2,22.19,71950.64
2,22.20,71960.48
2,22.23,71970.42
2,22.23,71980.26
2,22.26,71990.22
2,22.27,72000.09
2,22.29,72010.03
2,22.30,72019.88
2,22.32,72029.73
2,22.35,72039.67
2,22.36,72049.52
2,22.38,72059.46
2,22.39,72069.30
2,22.42,72079.22
2,22.42,72089.04
2,22.45,72099.00
2,22.46,72108.86
2,22.49,72118.78
2,22.49,72128.60
2,22.52,72138.48
2,22.53,72148.26
2,22.55,72158.10
2,22.56,72167.85
2,22.59,72177.69
2,22.59,72187.43
2,22.62,72197.27
2,22.63,72207.01
2,22.66,72216.83
2,22.66,72226.55
2,22.69,72236.36
2,22.70,72246.07
2,22.72,72255.84
2,22.73,72265.51
2,22.76,72275.31
2,22.76,72285.02
2,22.79,72294.80
2,22.80,72304.49
2,22.83,72314.26
2,22.83,72323.93
2,22.85,72333.59
2,22.88,72343.36
2,22.89,72353.03
2,22.91,72362.81
2,22.92,72372.50
2,22.95,72382.28
2,22.95,72391.97
2,22.98,72401.73
2,22.99,72411.39
2,23.01,72421.11
2,23.02,72430.73
2,23.05,72440.45
2,23.06,72450.06
2,23.08,72459.78
2,23.09,72469.41
2,23.12,72479.13
2,23.12,72488.75
2,23.15,72498.46
2,23.16,72508.08
2,23.18,72517.76
2,23.19,72527.34
2,23.22,72536.98
2,23.23,72546.54
2,23.25,72556.18
2,23.26,72565.72
2,23.29,72575.37
2,23.29,72584.92
2,23.32,72594.57
2,23.33,72604.13
2,23.35,72613.76
2,23.36,72623.29
2,23.38,72632.84
2,23.41,72642.52
2,23.42,72652.10
2,23.44,72661.77
2,23.45,72671.34
2,23.48,72681.01
2,23.48,72690.58
2,23.51,72700.23
2,23.52,72709.78
2,23.54,72719.41
2,23.55,72728.95
2,23.58,72738.57
2,23.58,72748.10
2,23.61,72757.72
2,23.62,72767.23
2,23.65,72776.84
2,23.65,72786.36
2,23.68,72795.95
2,23.69,72805.43
2,23.71,72815.02
2,23.72,72824.51
2,23.75,72834.10
2,23.75,72843.59
2,23.78,72853.16
2,23.79,72862.64
2,23.82,72872.20
2,23.82,72881.67
2,23.85,72891.20
2,23.86,72900.63
2,23.88,72910.16
2,23.89,72919.60
2,23.91,72929.05
2,23.94,72938.62
2,23.95,72948.09
2,23.97,72957.66
2,23.98,72967.14
2,24.01,72976.71
2,24.01,72986.19
2,24.04,72995.76
2,24.05,73005.23
2,24.08,73014.79
2,24.08,73024.25
2,24.11,73033.79
2,24.12,73043.23
2,24.14,73052.77
2,24.15,73062.22
2,24.18,73071.73
2,24.18,73081.16
2,24.21,73090.66
2,24.22,73100.08
2,24.25,73109.58
2,24.25,73118.98
2,24.28,73128.48
2,24.29,73137.88
2,24.31,73147.38
2,24.32,73156.79
2,24.35,73166.30
2,24.35,73175.71
2,24.38,73185.20
2,24.39,73194.59
2,24.42,73204.07
2,24.42,73213.46
2,24.44,73222.84
2,24.47,73232.30
2,24.48,73241.66
2,24.50,73251.11
2,24.51,73260.47
2,24.54,73269.92
2,24.54,73279.28
2,24.57,73288.70
2,24.58,73298.03
2,24.60,73307.45
2,24.61,73316.77
2,24.64,73326.20
2,24.65,73335.55
2,24.67,73344.99
2,24.68,73354.34
2,24.71,73363.75
2,24.71,73373.06
2,24.74,73382.48
2,24.75,73391.80
2,24.77,73401.23
2,24.78,73410.56
2,24.81,73419.98
2,24.82,73429.30
2,24.84,73438.70
2,24.85,73448.00
2,24.88,73457.38
2,24.88,73466.66
2,24.91,73476.04
2,24.92,73485.33
2,24.94,73494.71
2,24.95,73504.00
2,24.97,73513.30
2,25.00,73522.72
2,25.01,73532.05
2,25.03,73541.43
2,25.04,73550.72
2,25.07,73560.09
2,25.08,73569.38
2,25.10,73578.75
2,25.11,73588.03
2,25.14,73597.38
2,25.14,73606.63
2,25.17,73615.99
2,25.18,73625.27
2,25.20,73634.64
2,25.21,73643.92
2,25.24,73653.27
2,25.25,73662.53
2,25.27,73671.88
2,25.28,73681.14
2,25.31,73690.51
2,25.31,73699.78
2,25.34,73709.12
2,25.35,73718.36
2,25.37,73727.69
2,25.38,73736.92
2,25.41,73746.27
2,25.42,73755.52
2,25.44,73764.84
2,25.45,73774.06
2,25.48,73783.38
2,25.48,73792.61
2,25.50,73801.82
2,25.53,73811.14
2,25.54,73820.37
2,25.56,73829.69
2,25.57,73838.91
2,25.60,73848.25
2,25.60,73857.49
2,25.63,73866.81
2,25.64,73876.04
2,25.67,73885.32
2,25.67,73894.51
2,25.70,73903.81
2,25.71,73913.02
2,25.73,73922.31
2,25.74,73931.52
2,25.77,73940.78
2,25.77,73949.95
2,25.80,73959.21
2,25.81,73968.38
2,25.83,73977.63
2,25.84,73986.78
2,25.87,73996.02
2,25.88,74005.16
2,25.90,74014.40
2,25.91,74023.55
2,25.94,74032.80
2,25.94,74041.95
2,25.97,74051.18
2,25.98,74060.33
2,26.00,74069.57
2,26.01,74078.72
2,26.03,74087.88
2,26.06,74097.14
2,26.07,74106.31
2,26.09,74115.57
2,26.10,74124.73
2,26.13,74133.97
2,26.13,74143.12
2,26.16,74152.34
2,26.17,74161.46
2,26.19,74170.66
2,26.20,74179.78
2,26.23,74189.02
2,26.24,74198.16
2,26.26,74207.38
2,26.27,74216.52
2,26.30,74225.73
2,26.30,74234.85
2,26.33,74244.02
2,26.34,74253.11
2,26.36,74262.30
2,26.37,74271.41
2,26.40,74280.59
2,26.41,74289.69
2,26.43,74298.88
2,26.44,74307.99
2,26.47,74317.18
2,26.47,74326.27
2,26.50,74335.44
2,26.51,74344.52
2,26.53,74353.67
2,26.54,74362.73
2,26.56,74371.83
2,26.59,74381.02
2,26.59,74390.13
2,26.62,74399.34
2,26.63,74408.45
2,26.66,74417.63
2,26.66,74426.71
2,26.69,74435.88
2,26.70,74444.96
2,26.72,74454.12
2,26.73,74463.18
2,26.76,74472.35
2,26.76,74481.43
2,26.79,74490.59
2,26.80,74499.66
2,26.83,74508.84
2,26.83,74517.91
2,26.86,74527.05
2,26.87,74536.09
2,26.89,74545.24
2,26.90,74554.30
2,26.93,74563.45
2,26.93,74572.51
2,26.96,74581.63
2,26.97,74590.67
2,27.00,74599.79
2,27.00,74608.81
2,27.03,74617.95
2,27.04,74626.98
2,27.06,74636.12
2,27.07,74645.16
2,27.09,74654.19
2,27.12,74663.30
2,27.12,74672.33
2,27.15,74681.45
2,27.16,74690.48
2,27.18,74699.60
2,27.19,74708.63
2,27.22,74717.76
2,27.23,74726.79
2,27.25,74735.91
2,27.26,74744.93
2,27.29,74754.06
2,27.29,74763.10
2,27.32,74772.27
2,27.33,74781.34
2,27.35,74790.51
2,27.36,74799.58
2,27.39,74808.72
2,27.40,74817.77
2,27.42,74826.92
2,27.43,74835.99
2,27.46,74845.10
2,27.46,74854.12
2,27.49,74863.25
2,27.50,74872.29
2,27.52,74881.42
2,27.53,74890.46
2,27.56,74899.58
2,27.57,74908.61
2,27.59,74917.73
2,27.60,74926.75
2,27.62,74935.78
2,27.65,74944.91
2,27.65,74953.95
2,27.68,74963.06
2,27.69,74972.09
2,27.71,74981.19
2,27.72,74990.20
2,27.75,74999.30
2,27.75,75008.32
2,27.78,75017.42
2,27.79,75026.44
2,27.82,75035.53
2,27.82,75044.54
2,27.85,75053.63
2,27.86,75062.62
2,27.88,75071.70
2,27.89,75080.68
2,27.92,75089.80
2,27.92,75098.82
2,27.95,75107.92
2,27.96,75116.93
2,27.99,75126.00
2,27.99,75134.98
2,28.02,75144.05
2,28.03,75153.02
2,28.05,75162.09
2,28.06,75171.08
2,28.09,75180.13
2,28.09,75189.10
2,28.12,75198.15
2,28.13,75207.10
2,28.15,75216.07
2,28.18,75225.19
2,28.18,75234.21
2,28.21,75243.31
2,28.22,75252.33
2,28.25,75261.42
2,28.25,75270.42
2,28.28,75279.49
2,28.29,75288.47
2,28.31,75297.52
2,28.32,75306.48
2,28.35,75315.53
2,28.35,75324.48
2,28.38,75333.55
2,28.39,75342.52
2,28.42,75351.56
2,28.42,75360.52
2,28.45,75369.57
2,28.46,75378.53
2,28.48,75387.58
2,28.49,75396.53
2,28.52,75405.59
2,28.52,75414.56
2,28.55,75423.63
2,28.56,75432.60
2,28.58,75441.66
2,28.59,75450.64
2,28.62,75459.72
2,28.63,75468.71
2,28.65,75477.78
2,28.66,75486.77
2,28.68,75495.75
2,28.71,75504.79
2,28.71,75513.73
2,28.74,75522.78
2,28.75,75531.73
2,28.77,75540.77
2,28.78,75549.71
2,28.81,75558.76
2,28.82,75567.72
2,28.84,75576.77
2,28.85,75585.73
2,28.88,75594.77
2,28.88,75603.73
2,28.91,75612.77
2,28.92,75621.73
2,28.94,75630.77
2,28.95,75639.73
2,28.98,75648.77
2,28.99,75657.71
2,29.01,75666.72
2,29.02,75675.64
2,29.05,75684.67
2,29.05,75693.62
2,29.08,75702.64
2,29.09,75711.58
2,29.11,75720.57
2,29.12,75729.48
2,29.15,75738.50
2,29.16,75747.44
2,29.18,75756.46
2,29.19,75765.40
2,29.21,75774.34
2,29.24,75783.40
2,29.24,75792.36
2,29.27,75801.41
2,29.28,75810.38
2,29.30,75819.45
2,29.31,75828.44
2,29.34,75837.49
2,29.34,75846.45
2,29.37,75855.51
2,29.38,75864.47
2,29.41,75873.52
2,29.41,75882.48
2,29.44,75891.52
2,29.45,75900.45
2,29.47,75909.48
2,29.48,75918.41
2,29.51,75927.43
2,29.51,75936.36
2,29.54,75945.41
2,29.55,75954.36
2,29.58,75963.39
2,29.58,75972.33
2,29.61,75981.36
2,29.62,75990.30
2,29.64,75999.34
2,29.65,76008.28
2,29.68,76017.31
2,29.68,76026.26
2,29.71,76035.29
2,29.72,76044.23
2,29.74,76053.16
2,29.76,76062.17
2,29.77,76071.10
2,29.80,76080.20
2,29.81,76089.20
2,29.83,76098.27
2,29.84,76107.26
2,29.87,76116.33
2,29.87,76125.30
2,29.90,76134.36
2,29.91,76143.32
2,29.93,76152.38
2,29.94,76161.34
2,29.97,76170.41
2,29.98,76179.38
2,30.00,76188.45
2,30.01,76197.42
2,30.04,76206.46
2,30.04,76215.41
2,30.07,76224.45
2,30.08,76233.41
2,30.10,76242.45
2,30.11,76251.41
2,30.14,76260.48
2,30.15,76269.45
2,30.17,76278.51
2,30.18,76287.48
2,30.21,76296.55
2,30.21,76305.55
2,30.24,76314.59
2,30.25,76323.55
2,30.27,76332.52
2,30.29,76341.55
2,30.30,76350.51
2,30.33,76359.55
2,30.33,76368.50
2,30.36,76377.53
2,30.37,76386.48
2,30.40,76395.52
2,30.40,76404.47
2,30.43,76413.53
2,30.44,76422.51
2,30.46,76431.57
2,30.47,76440.55
2,30.50,76449.63
2,30.50,76458.62
2,30.53,76467.71
2,30.54,76476.71
2,30.57,76485.80
2,30.57,76494.79
2,30.60,76503.90
2,30.61,76512.91
2,30.63,76521.99
2,30.64,76530.98
2,30.67,76540.06
2,30.67,76549.06
2,30.70,76558.14
2,30.71,76567.13
2,30.74,76576.21
2,30.74,76585.20
2,30.77,76594.30
2,30.78,76603.30
2,30.80,76612.31
2,30.83,76621.43
2,30.83,76630.46
2,30.86,76639.56
2,30.87,76648.57
2,30.89,76657.66
2,30.90,76666.66
2,30.93,76675.77
2,30.93,76684.79
2,30.96,76693.92
2,30.97,76702.96
2,31.00,76712.07
2,31.00,76721.09
2,31.03,76730.20
2,31.04,76739.20
2,31.06,76748.36
2,31.07,76757.42
2,31.10,76766.56
2,31.10,76775.61
2,31.13,76784.72
2,31.14,76793.74
2,31.17,76802.88
2,31.17,76811.93
2,31.20,76821.07
2,31.21,76830.12
2,31.23,76839.27
2,31.24,76848.32
2,31.27,76857.47
2,31.27,76866.53
2,31.30,76875.67
2,31.31,76884.72
2,31.33,76893.78
2,31.35,76902.95
2,31.36,76912.02
2,31.39,76921.17
2,31.40,76930.23
2,31.42,76939.38
2,31.43,76948.43
2,31.46,76957.59
2,31.46,76966.66
2,31.49,76975.82
2,31.50,76984.88
2,31.52,76994.01
2,31.53,77003.05
2,31.56,77012.20
2,31.57,77021.25
2,31.59,77030.39
2,31.60,77039.44
2,31.63,77048.59
2,31.63,77057.64
2,31.66,77066.77
2,31.67,77075.82
2,31.69,77085.00
2,31.70,77094.09
2,31.73,77103.28
2,31.74,77112.38
2,31.76,77121.59
2,31.77,77130.70
2,31.80,77139.91
2,31.80,77149.04
2,31.83,77158.23
2,31.84,77167.34
2,31.86,77176.45
2,31.88,77185.66
2,31.89,77194.78
2,31.92,77203.96
2,31.92,77213.05
2,31.95,77222.23
2,31.96,77231.32
2,31.99,77240.53
2,31.99,77249.65
2,32.02,77258.88
2,32.03,77268.01
2,32.05,77277.23
2,32.06,77286.35
2,32.09,77295.58
2,32.10,77304.71
2,32.12,77313.93
2,32.13,77323.05
2,32.16,77332.27
2,32.16,77341.40
2,32.19,77350.62
2,32.20,77359.74
2,32.22,77368.96
2,32.23,77378.09
2,32.26,77387.30
2,32.26,77396.41
2,32.29,77405.63
2,32.30,77414.74
2,32.33,77423.96
2,32.33,77433.09
2,32.36,77442.33
2,32.37,77451.48
2,32.39,77460.64
2,32.41,77469.88
2,32.42,77479.04
2,32.45,77488.30
2,32.45,77497.46
2,32.48,77506.75
2,32.49,77515.95
2,32.51,77525.23
2,32.52,77534.43
2,32.55,77543.70
2,32.56,77552.88
2,32.58,77562.12
2,32.59,77571.27
2,32.62,77580.55
2,32.62,77589.75
2,32.65,77599.05
2,32.66,77608.25
2,32.69,77617.55
2,32.69,77626.75
2,32.72,77636.04
2,32.73,77645.23
2,32.75,77654.52
2,32.76,77663.72
2,32.79,77672.99
2,32.79,77682.17
2,32.82,77691.44
2,32.83,77700.61
2,32.85,77709.88
2,32.86,77719.06
2,32.89,77728.36
2,32.90,77737.56
2,32.92,77746.80
2,32.94,77756.14
2,32.95,77765.39
2,32.98,77774.72
2,32.98,77783.95
2,33.01,77793.30
2,33.02,77802.55
2,33.04,77811.90
2,33.05,77821.16
2,33.08,77830.50
2,33.08,77839.75
2,33.11,77849.09
2,33.12,77858.34
2,33.15,77867.69
2,33.15,77876.94
2,33.18,77886.28
2,33.19,77895.53
2,33.21,77904.91
2,33.22,77914.20
2,33.25,77923.56
2,33.26,77932.83
2,33.28,77942.19
2,33.29,77951.45
2,33.32,77960.84
2,33.32,77970.13
2,33.35,77979.47
2,33.36,77988.72
2,33.38,77998.07
2,33.39,78007.33
2,33.42,78016.68
2,33.42,78025.94
2,33.44,78035.21
2,33.47,78044.57
2,33.48,78053.84
2,33.51,78063.19
2,33.51,78072.45
2,33.54,78081.84
2,33.55,78091.13
2,33.57,78100.54
2,33.58,78109.85
2,33.61,78119.24
2,33.61,78128.54
2,33.64,78137.97
2,33.65,78147.30
2,33.67,78156.72
2,33.68,78166.04
2,33.71,78175.48
2,33.72,78184.83
2,33.74,78194.28
2,33.75,78203.63
2,33.78,78213.05
2,33.78,78222.38
2,33.81,78231.80
2,33.82,78241.13
2,33.85,78250.56
2,33.85,78259.90
2,33.88,78269.32
2,33.89,78278.65
2,33.91,78288.09
2,33.92,78297.43
2,33.95,78306.86
2,33.95,78316.20
2,33.98,78325.53
2,34.00,78334.96
2,34.01,78344.30
2,34.04,78353.71
2,34.04,78363.03
2,34.07,78372.47
2,34.08,78381.81
2,34.10,78391.25
2,34.11,78400.59
2,34.14,78410.05
2,34.15,78419.42
2,34.17,78428.92
2,34.18,78438.33
2,34.21,78447.82
2,34.21,78457.22
2,34.24,78466.71
2,34.25,78476.11
2,34.28,78485.63
2,34.28,78495.04
2,34.31,78504.56
2,34.32,78513.99
2,34.34,78523.52
2,34.35,78532.95
2,34.38,78542.47
2,34.38,78551.90
2,34.41,78561.45
2,34.42,78570.89
2,34.44,78580.43
2,34.45,78589.88
2,34.48,78599.43
2,34.49,78608.89
2,34.51,78618.35
2,34.53,78627.91
2,34.54,78637.38
2,34.57,78646.93
2,34.57,78656.39
2,34.60,78665.97
2,34.61,78675.45
2,34.63,78685.05
2,34.64,78694.54
2,34.67,78704.13
2,34.67,78713.62
2,34.70,78723.18
2,34.71,78732.64
2,34.74,78742.25
2,34.74,78751.77
2,34.77,78761.38
2,34.78,78770.91
2,34.80,78780.51
2,34.81,78790.02
2,34.84,78799.64
2,34.85,78809.17
2,34.87,78818.80
2,34.88,78828.34
2,34.91,78837.98
2,34.91,78847.51
2,34.94,78857.13
2,34.95,78866.66
2,34.97,78876.28
2,34.98,78885.80
2,35.01,78895.42
2,35.01,78904.95
2,35.03,78914.50
2,35.06,78924.17
2,35.07,78933.74
2,35.10,78943.38
2,35.10,78952.91
2,35.13,78962.50
2,35.14,78971.99
2,35.16,78981.55
2,35.17,78991.01
2,35.20,79000.56
2,35.20,79010.02
2,35.23,79019.52
2,35.24,79028.94
2,35.26,79038.45
2,35.27,79047.88
2,35.30,79057.38
2,35.31,79066.78
2,35.33,79076.34
2,35.34,79085.79
2,35.37,79095.38
2,35.37,79104.88
2,35.40,79114.53
2,35.41,79124.08
2,35.44,79133.74
2,35.44,79143.31
2,35.47,79153.01
2,35.48,79162.60
2,35.50,79172.31
2,35.51,79181.93
2,35.54,79191.63
2,35.54,79201.24
2,35.58,79210.87
2,35.61,79220.70
2,35.61,79230.43
2,35.64,79240.27
2,35.65,79250.01
2,35.67,79259.88
2,35.68,79269.66
2,35.71,79279.52
2,35.72,79289.27
2,35.74,79299.13
2,35.75,79308.88
2,35.78,79318.72
2,35.78,79328.46
2,35.81,79338.30
2,35.82,79348.05
2,35.85,79357.91
2,35.85,79367.66
2,35.88,79377.51
2,35.89,79387.26
2,35.91,79397.13
2,35.92,79406.90
2,35.95,79416.78
2,35.95,79426.57
2,35.98,79436.45
2,35.99,79446.23
2,36.01,79456.13
2,36.02,79465.93
2,36.05,79475.84
2,36.06,79485.66
2,36.08,79495.56
2,36.09,79505.38
2,36.11,79515.20
2,36.14,79525.16
2,36.15,79535.02
2,36.17,79545.00
2,36.18,79554.88
2,36.21,79564.85
2,36.22,79574.73
2,36.24,79584.68
2,36.25,79594.54
2,36.28,79604.50
2,36.28,79614.36
2,36.31,79624.32
2,36.32,79634.18
2,36.34,79644.14
2,36.35,79654.01
2,36.38,79663.98
2,36.38,79673.86
2,36.41,79683.84
2,36.42,79693.71
2,36.45,79703.69
2,36.45,79713.56
2,36.48,79723.55
2,36.49,79733.45
2,36.51,79743.43
2,36.52,79753.32
2,36.55,79763.33
2,36.56,79773.23
2,36.58,79783.25
2,36.59,79793.17
2,36.62,79803.16
2,36.62,79813.05
2,36.64,79822.95
2,36.67,79832.98
2,36.68,79842.91
2,36.70,79852.95
2,36.71,79862.88
2,36.74,79872.91
2,36.74,79882.84
2,36.77,79892.88
2,36.78,79902.83
2,36.81,79912.88
2,36.81,79922.83
2,36.84,79932.89
2,36.85,79942.85
2,36.87,79952.90
2,36.88,79962.84
2,36.91,79972.91
2,36.91,79982.88
2,36.94,79992.95
2,36.95,80002.91
2,36.97,80012.97
2,36.98,80022.93
2,37.01,80033.02
2,37.02,80043.00
2,37.04,80053.10
2,37.05,80063.10
2,37.08,80073.19
2,37.08,80083.17
2,37.11,80093.26
2,37.12,80103.24
2,37.15,80113.35
2,37.15,80123.36
2,37.17,80133.37
2,37.20,80143.50
2,37.21,80153.53
2,37.23,80163.67
2,37.24,80173.71
2,37.27,80183.88
2,37.27,80193.94
2,37.30,80204.10
2,37.31,80214.16
2,37.33,80224.34
2,37.34,80234.42
2,37.37,80244.60
2,37.38,80254.68
2,37.40,80264.88
2,37.41,80274.97
2,37.44,80285.16
2,37.44,80295.26
2,37.47,80305.46
2,37.48,80315.56
2,37.50,80325.77
2,37.51,80335.87
2,37.54,80346.07
2,37.54,80356.17
2,37.57,80366.39
2,37.58,80376.51
2,37.61,80386.72
2,37.61,80396.83
2,37.64,80407.05
2,37.65,80417.16
2,37.67,80427.40
2,37.68,80437.53
2,37.70,80447.68
2,37.73,80457.97
2,37.73,80468.16
2,37.76,80478.46
2,37.77,80488.66
2,37.79,80498.96
2,37.80,80509.15
2,37.83,80519.48
2,37.84,80529.70
2,37.86,80540.02
2,37.87,80550.24
2,37.90,80560.55
2,37.90,80570.77
2,37.93,80581.11
2,37.94,80591.34
2,37.97,80601.70
2,37.97,80611.95
2,38.00,80622.29
2,38.01,80632.53
2,38.03,80642.86
2,38.04,80653.09
2,38.07,80663.42
2,38.07,80673.66
2,38.10,80684.02
2,38.11,80694.27
2,38.13,80704.66
2,38.14,80714.94
2,38.17,80725.35
2,38.18,80735.66
2,38.20,80746.05
2,38.21,80756.33
2,38.23,80766.63
2,38.26,80777.09
2,38.26,80787.43
2,38.29,80797.88
2,38.30,80808.23
2,38.32,80818.70
2,38.33,80829.06
2,38.36,80839.52
2,38.37,80849.87
2,38.39,80860.31
2,38.40,80870.66
2,38.43,80881.13
2,38.43,80891.50
2,38.46,80901.96
2,38.47,80912.32
2,38.49,80922.80
2,38.50,80933.17
2,38.53,80943.66
2,38.53,80954.03
2,38.56,80964.52
2,38.57,80974.90
2,38.60,80985.38
2,38.60,80995.75
2,38.63,81006.24
2,38.64,81016.63
2,38.66,81027.17
2,38.67,81037.61
2,38.70,81048.13
2,38.71,81058.53
2,38.73,81069.09
2,38.74,81079.55
2,38.76,81090.02
2,38.79,81100.62
2,38.80,81111.10
2,38.82,81121.72
2,38.83,81132.23
2,38.86,81142.83
2,38.86,81153.32
2,38.89,81163.95
2,38.90,81174.46
2,38.92,81185.10
2,38.93,81195.63
2,38.96,81206.29
2,38.97,81216.84
2,38.99,81227.48
2,39.00,81238.02
2,39.03,81248.69
2,39.03,81259.25
2,39.06,81269.92
2,39.07,81280.49
2,39.10,81291.16
2,39.10,81301.73
2,39.13,81312.41
2,39.14,81322.98
2,39.16,81333.66
2,39.17,81344.24
2,39.20,81354.96
2,39.20,81365.58
2,39.23,81376.30
2,39.24,81386.92
2,39.26,81397.67
2,39.27,81408.31
2,39.29,81418.97
2,39.32,81429.74
2,39.33,81440.41
2,39.35,81451.18
2,39.36,81461.85
2,39.39,81472.65
2,39.39,81483.34
2,39.42,81494.17
2,39.43,81504.91
2,39.45,81515.73
2,39.46,81526.44
2,39.49,81537.26
2,39.49,81547.97
2,39.52,81558.81
2,39.53,81569.55
2,39.56,81580.40
2,39.56,81591.14
2,39.59,81602.00
2,39.60,81612.76
2,39.62,81623.60
2,39.63,81634.34
2,39.66,81645.20
2,39.67,81655.95
2,39.69,81666.84
2,39.70,81677.64
2,39.73,81688.55
2,39.73,81699.36
2,39.76,81710.29
2,39.77,81721.11
2,39.79,81732.04
2,39.80,81742.86
2,39.82,81753.71
2,39.85,81764.70
2,39.85,81775.57
2,39.88,81786.53
2,39.89,81797.38
2,39.92,81808.38
2,39.92,81819.27
2,39.95,81830.26
2,39.96,81841.13
2,39.98,81852.14
2,39.99,81863.04
2,40.02,81874.05
2,40.02,81884.96
2,40.05,81895.96
2,40.06,81906.85
2,40.08,81917.89
2,40.09,81928.82
2,40.12,81939.84
2,40.13,81950.76
2,40.15,81961.77
2,40.16,81972.68
2,40.19,81983.74
2,40.19,81994.70
2,40.22,82005.75
2,40.23,82016.70
2,40.26,82027.77
2,40.26,82038.73
2,40.29,82049.81
2,40.30,82060.78
2,40.32,82071.89
2,40.33,82082.89
2,40.35,82093.91
2,40.38,82105.05
2,40.38,82116.08
2,40.41,82127.23
2,40.42,82138.27
2,40.44,82149.45
2,40.45,82160.52
2,40.48,82171.72
2,40.49,82182.80
2,40.51,82193.99
2,40.52,82205.08
2,40.55,82216.26
2,40.55,82227.32
2,40.58,82238.51
2,40.59,82249.59
2,40.61,82260.78
2,40.62,82271.86
2,40.65,82283.06
2,40.65,82294.16
2,40.68,82305.38
2,40.69,82316.49
2,40.72,82327.73
2,40.72,82338.85
2,40.75,82350.12
2,40.76,82361.27
2,40.78,82372.57
2,40.79,82383.75
2,40.82,82395.06
2,40.83,82406.26
2,40.85,82417.54
2,40.86,82428.71
2,40.88,82439.90
2,40.90,82451.23
2,40.91,82462.46
2,40.94,82473.81
2,40.95,82485.05
2,40.97,82496.41
2,40.98,82507.65
2,41.01,82519.00
2,41.01,82530.24
2,41.04,82541.59
2,41.05,82552.84
2,41.08,82564.17
2,41.08,82575.40
2,41.11,82586.75
2,41.12,82597.98
2,41.14,82609.34
2,41.15,82620.59
2,41.18,82632.00
2,41.18,82643.30
2,41.21,82654.70
2,41.22,82665.99
2,41.24,82677.40
2,41.25,82688.69
2,41.28,82700.10
2,41.29,82711.40
2,41.31,82722.82
2,41.32,82734.13
2,41.35,82745.56
2,41.35,82756.89
2,41.38,82768.37
2,41.39,82779.73
2,41.41,82791.11
2,41.44,82802.63
2,41.44,82814.05
2,41.47,82825.56
2,41.48,82836.96
2,41.51,82848.47
2,41.51,82859.86
2,41.54,82871.39
2,41.55,82882.81
2,41.57,82894.37
2,41.58,82905.80
2,41.61,82917.36
2,41.61,82928.80
2,41.64,82940.34
2,41.65,82951.77
2,41.67,82963.34
2,41.68,82974.78
2,41.71,82986.39
2,41.72,82997.89
2,41.74,83009.52
2,41.75,83021.04
2,41.78,83032.67
2,41.78,83044.19
2,41.81,83055.81
2,41.82,83067.32
2,41.85,83078.93
2,41.85,83090.42
2,41.88,83102.06
2,41.89,83113.59
2,41.91,83125.25
2,41.92,83136.80
2,41.94,83148.34
2,41.97,83160.02
2,41.97,83171.59
2,42.00,83183.28
2,42.01,83194.86
2,42.04,83206.56
2,42.04,83218.15
2,42.07,83229.84
2,42.08,83241.42
2,42.10,83253.12
2,42.11,83264.70
2,42.14,83276.41
2,42.15,83288.02
2,42.17,83299.74
2,42.18,83311.35
2,42.21,83323.11
2,42.21,83334.75
2,42.24,83346.52
2,42.25,83358.18
2,42.27,83369.96
2,42.28,83381.63
2,42.31,83393.42
2,42.31,83405.10
2,42.34,83416.90
2,42.35,83428.57
2,42.38,83440.41
2,42.38,83452.12
2,42.41,83463.95
2,42.42,83475.67
2,42.44,83487.49
2,42.45,83499.20
2,42.47,83510.92
2,42.50,83522.77
2,42.50,83534.49
2,42.53,83546.34
2,42.54,83558.06
2,42.56,83569.91
2,42.57,83581.65
2,42.60,83593.55
2,42.61,83605.32
2,42.63,83617.22
2,42.64,83629.00
2,42.67,83640.91
2,42.67,83652.71
2,42.70,83664.65
2,42.71,83676.46
2,42.74,83688.41
2,42.74,83700.23
2,42.77,83712.17
2,42.78,83723.99
2,42.80,83735.95
2,42.81,83747.78
2,42.84,83759.77
2,42.84,83771.63
2,42.87,83783.59
2,42.88,83795.44
2,42.90,83807.42
2,42.91,83819.29
2,42.94,83831.27
2,42.95,83843.13
2,42.97,83855.13
2,42.98,83867.02
2,43.00,83878.92
2,43.03,83890.93
2,43.03,83902.82
2,43.06,83914.85
2,43.07,83926.77
2,43.09,83938.83
2,43.10,83950.77
2,43.13,83962.84
2,43.13,83974.79
2,43.16,83986.88
2,43.17,83998.86
2,43.20,84010.98
2,43.20,84022.98
2,43.23,84035.13
2,43.24,84047.14
2,43.26,84059.28
2,43.27,84071.30
2,43.30,84083.47
2,43.31,84095.52
2,43.33,84107.70
2,43.34,84119.77
2,43.37,84131.95
2,43.37,84144.00
2,43.40,84156.18
2,43.41,84168.23
2,43.43,84180.46
2,43.44,84192.56
2,43.47,84204.80
2,43.47,84216.91
2,43.50,84229.12
2,43.51,84241.21
2,43.53,84253.34
2,43.56,84265.64
2,43.56,84277.81
2,43.59,84290.15
2,43.60,84302.36
2,43.62,84314.70
2,43.63,84326.91
2,43.66,84339.22
2,43.66,84351.41
2,43.69,84363.72
2,43.70,84375.91
2,43.72,84388.27
2,43.73,84400.51
2,43.76,84412.88
2,43.77,84425.13
2,43.79,84437.49
2,43.80,84449.73
2,43.83,84462.12
2,43.83,84474.38
2,43.86,84486.78
2,43.87,84499.05
2,43.90,84511.45
2,43.90,84523.73
2,43.93,84536.12
2,43.94,84548.38
2,43.96,84560.80
2,43.97,84573.09
2,44.00,84585.55
2,44.00,84597.88
2,44.03,84610.33
2,44.04,84622.65
2,44.06,84634.98
2,44.08,84647.45
2,44.09,84659.79
2,44.12,84672.28
2,44.13,84684.65
2,44.15,84697.14
2,44.16,84709.51
2,44.19,84722.04
2,44.19,84734.45
2,44.22,84746.97
2,44.23,84759.37
2,44.25,84771.91
2,44.26,84784.32
2,44.29,84796.87
2,44.29,84809.29
2,44.32,84821.84
2,44.33,84834.26
2,44.36,84846.84
2,44.36,84859.29
2,44.39,84871.85
2,44.40,84884.29
2,44.42,84896.88
2,44.43,84909.34
2,44.46,84921.95
2,44.47,84934.45
2,44.49,84947.11
2,44.50,84959.65
2,44.53,84972.33
2,44.53,84984.88
2,44.56,84997.53
2,44.57,85010.05
2,44.59,85022.59
2,44.62,85035.30
2,44.62,85047.88
2,44.65,85060.63
2,44.66,85073.25
2,44.68,85085.98
2,44.69,85098.59
2,44.72,85111.31
2,44.72,85123.91
2,44.75,85136.66
2,44.76,85149.27
2,44.79,85162.02
2,44.79,85174.65
2,44.82,85187.39
2,44.83,85200.00
2,44.85,85212.77
2,44.86,85225.41
2,44.89,85238.20
2,44.90,85250.85
2,44.92,85263.63
2,44.93,85276.29
2,44.96,85289.10
2,44.96,85301.79
2,44.99,85314.61
2,45.00,85327.30
2,45.02,85340.13
2,45.03,85352.83
2,45.06,85365.70
2,45.06,85378.44
2,45.09,85391.32
2,45.10,85404.07
2,45.12,85416.84
2,45.15,85429.75
2,45.15,85442.52
2,45.18,85455.45
2,45.19,85468.25
2,45.21,85481.20
2,45.22,85494.01
2,45.25,85506.95
2,45.25,85519.77
2,45.28,85532.76
2,45.29,85545.62
2,45.31,85558.63
2,45.32,85571.50
2,45.35,85584.53
2,45.36,85597.43
2,45.38,85610.46
2,45.39,85623.37
2,45.42,85636.41
2,45.42,85649.33
2,45.45,85662.38
2,45.46,85675.30
2,45.49,85688.39
2,45.49,85701.34
2,45.52,85714.44
2,45.53,85727.41
2,45.55,85740.50
2,45.56,85753.46
2,45.59,85766.56
2,45.59,85779.53
2,45.62,85792.66
2,45.63,85805.66
2,45.65,85818.66
2,45.67,85831.80
2,45.68,85844.81
2,45.71,85858.01
2,45.72,85871.07
2,45.74,85884.26
2,45.75,85897.31
2,45.78,85910.50
2,45.78,85923.55
2,45.81,85936.78
2,45.82,85949.88
2,45.84,85963.10
2,45.85,85976.20
2,45.88,85989.45
2,45.88,86002.56
2,45.91,86015.84
2,45.92,86028.98
2,45.95,86042.25
2,45.95,86055.39
2,45.98,86068.68
2,45.99,86081.84
2,46.01,86095.15
2,46.02,86108.33
2,46.05,86121.65
2,46.06,86134.84
2,46.08,86148.17
2,46.09,86161.37
2,46.12,86174.74
2,46.12,86187.98
2,46.15,86201.38
2,46.16,86214.64
2,46.18,86227.92
2,46.20,86241.36
2,46.21,86254.66
2,46.24,86268.10
2,46.24,86281.41
2,46.27,86294.87
2,46.28,86308.20
2,46.31,86321.68
2,46.31,86335.02
2,46.34,86348.55
2,46.35,86361.94
2,46.37,86375.46
2,46.38,86388.85
2,46.41,86402.38
2,46.41,86415.78
2,46.44,86429.32
2,46.45,86442.73
2,46.47,86456.27
2,46.48,86469.69
2,46.51,86483.26
2,46.52,86496.70
2,46.54,86510.28
2,46.55,86523.73
2,46.58,86537.32
2,46.58,86550.77
2,46.61,86564.35
2,46.62,86577.80
2,46.65,86591.45
2,46.65,86604.96
2,46.68,86618.63
2,46.69,86632.15
2,46.71,86645.70
2,46.73,86659.43
2,46.74,86673.02
2,46.77,86686.75
2,46.77,86700.34
2,46.80,86714.09
2,46.81,86727.70
2,46.83,86741.44
2,46.84,86755.03
2,46.87,86768.80
2,46.88,86782.44
2,46.90,86796.21
2,46.91,86809.84
2,46.94,86823.68
2,46.94,86837.38
2,46.97,86851.23
2,46.98,86864.95
2,47.00,86878.78
2,47.01,86892.48
2,47.04,86906.34
2,47.04,86920.05
2,47.07,86933.91
2,47.08,86947.63
2,47.11,86961.52
2,47.11,86975.27
2,47.14,86989.20
2,47.15,87002.98
2,47.17,87016.89
2,47.18,87030.66
2,47.21,87044.59
2,47.22,87058.38
2,47.24,87072.18
2,47.26,87086.19
2,47.27,87100.05
2,47.30,87114.04
2,47.31,87127.88
2,47.33,87141.89
2,47.34,87155.76
2,47.37,87169.80
2,47.37,87183.71
2,47.40,87197.77
2,47.41,87211.68
2,47.44,87225.78
2,47.44,87239.74
2,47.47,87253.86
2,47.48,87267.84
2,47.50,87281.98
2,47.51,87295.99
2,47.54,87310.14
2,47.54,87324.15
2,47.57,87338.33
2,47.58,87352.37
2,47.60,87366.56
2,47.61,87380.62
2,47.64,87394.83
2,47.65,87408.90
2,47.67,87423.10
2,47.68,87437.16
2,47.71,87451.40
2,47.71,87465.48
2,47.74,87479.76
2,47.75,87493.89
2,47.77,87508.05
2,47.79,87522.37
2,47.80,87536.53
2,47.83,87550.83
2,47.83,87564.98
2,47.86,87579.34
2,47.87,87593.56
2,47.90,87607.94
2,47.90,87622.17
2,47.93,87636.53
2,47.94,87650.74
2,47.96,87665.13
2,47.97,87679.37
2,48.00,87693.76
2,48.01,87708.00
2,48.03,87722.41
2,48.04,87736.66
2,48.07,87751.07
2,48.07,87765.34
2,48.10,87779.78
2,48.11,87794.09
2,48.13,87808.53
2,48.14,87822.83
2,48.17,87837.30
2,48.17,87851.62
2,48.20,87866.13
2,48.21,87880.50
2,48.24,87895.03
2,48.24,87909.41
2,48.27,87923.98
2,48.28,87938.41
2,48.30,87952.85
2,48.32,87967.46
2,48.33,87981.93
2,48.36,87996.54
2,48.36,88011.01
2,48.39,88025.63
2,48.40,88040.11
2,48.42,88054.74
2,48.43,88069.23
2,48.46,88083.88
2,48.47,88098.40
2,48.49,88113.09
2,48.50,88127.64
2,48.53,88142.37
2,48.53,88156.95
2,48.56,88171.68
2,48.57,88186.27
2,48.60,88201.00
2,48.60,88215.59
2,48.63,88230.38
2,48.64,88245.03
2,48.66,88259.84
2,48.67,88274.50
2,48.70,88289.30
2,48.70,88303.96
2,48.73,88318.78
2,48.74,88333.45
2,48.76,88348.28
2,48.77,88362.96
2,48.80,88377.80
2,48.81,88392.48
2,48.83,88407.17
2,48.85,88422.06
2,48.86,88436.80
2,48.89,88451.72
2,48.89,88466.48
2,48.92,88481.45
2,48.93,88496.26
2,48.95,88511.23
2,48.96,88526.06
2,48.99,88541.06
2,48.99,88555.91
2,49.02,88570.94
2,49.03,88585.80
2,49.06,88600.83
2,49.06,88615.70
2,49.09,88630.75
2,49.10,88645.65
2,49.12,88660.73
2,49.13,88675.65
2,49.16,88690.73
2,49.17,88705.67
2,49.19,88720.76
2,49.20,88735.70
2,49.23,88750.80
2,49.23,88765.75
2,49.26,88780.88
2,49.27,88795.87
2,49.29,88811.02
2,49.30,88826.02
2,49.33,88841.17
2,49.33,88856.17
2,49.35,88871.23
2,49.38,88886.46
2,49.39,88901.53
2,49.42,88916.77
2,49.42,88931.85
2,49.45,88947.11
2,49.46,88962.22
2,49.48,88977.52
2,49.49,88992.68
2,49.52,89007.98
2,49.52,89023.13
2,49.55,89038.47
2,49.56,89053.66
2,49.58,89069.01
2,49.59,89084.21
2,49.62,89099.59
2,49.63,89114.83
2,49.65,89130.22
2,49.66,89145.45
2,49.69,89160.87
2,49.69,89176.13
2,49.72,89191.58
2,49.73,89206.88
2,49.76,89222.36
2,49.76,89237.69
2,49.79,89253.18
2,49.80,89268.52
2,49.82,89284.00
2,49.83,89299.34
2,49.86,89314.85
2,49.86,89330.21
2,49.88,89345.59
2,49.91,89361.17
2,49.92,89376.60
2,49.94,89392.25
2,49.95,89407.74
2,49.98,89423.38
2,49.99,89438.85
2,50.01,89454.52
2,50.02,89470.02
2,50.05,89485.70
2,50.05,89501.23
2,50.08,89516.92
2,50.09,89532.45
2,50.11,89548.16
2,50.12,89563.70
2,50.15,89579.40
2,50.15,89594.94
2,50.18,89610.69
2,50.19,89626.27
2,50.22,89642.02
2,50.22,89657.62
2,50.25,89673.40
2,50.26,89689.02
2,50.28,89704.83
2,50.29,89720.48
2,50.32,89736.29
2,50.33,89751.95
2,50.35,89767.79
2,50.36,89783.47
2,50.39,89799.35
2,50.39,89815.08
2,50.42,89830.83
2,50.44,89846.80
2,50.45,89862.60
2,50.48,89878.58
2,50.48,89894.40
2,50.51,89910.40
2,50.52,89926.24
2,50.54,89942.25
2,50.55,89958.09
2,50.58,89974.10
2,50.58,89989.95
2,50.61,90006.05
2,50.62,90021.98
2,50.65,90038.13
2,50.65,90054.10
2,50.68,90070.25
2,50.69,90086.23
2,50.71,90102.39
2,50.72,90118.38
2,50.75,90134.55
2,50.76,90150.56
2,50.78,90166.76
2,50.79,90182.80
2,50.82,90198.99
2,50.82,90215.02
2,50.85,90231.25
2,50.86,90247.31
2,50.88,90263.57
2,50.89,90279.66
2,50.92,90295.91
2,50.92,90311.98
2,50.94,90328.11
2,50.97,90344.43
2,50.98,90360.59
2,51.01,90376.94
2,51.01,90393.13
2,51.04,90409.52
2,51.05,90425.74
2,51.07,90442.17
2,51.08,90458.44
2,51.11,90474.88
2,51.11,90491.15
2,51.14,90507.62
2,51.15,90523.92
2,51.17,90540.41
2,51.18,90556.74
2,51.21,90573.24
2,51.22,90589.58
2,51.24,90606.05
2,51.25,90622.37
2,51.28,90638.92
2,51.28,90655.31
2,51.31,90671.90
2,51.32,90688.32
2,51.35,90704.95
2,51.35,90721.41
2,51.38,90738.05
2,51.39,90754.52
2,51.41,90771.20
2,51.42,90787.71
2,51.45,90804.40
2,51.45,90820.91
2,51.47,90837.45
2,51.50,90854.16
2,51.51,90870.70
2,51.53,90887.45
2,51.54,90904.02
2,51.57,90920.76
2,51.58,90937.34
2,51.60,90954.13
2,51.61,90970.75
2,51.64,90987.57
2,51.64,91004.22
2,51.67,91021.00
2,51.68,91037.61
2,51.70,91054.44
2,51.71,91071.09
2,51.74,91087.97
2,51.74,91104.68
2,51.77,91121.60
2,51.78,91138.35
2,51.81,91155.28
2,51.81,91172.04
2,51.84,91188.99
2,51.85,91205.77
2,51.87,91222.73
2,51.88,91239.52
2,51.91,91256.50
2,51.92,91273.30
2,51.94,91290.34
2,51.95,91307.21
2,51.98,91324.27
2,51.98,91341.16
2,52.00,91358.07
2,52.03,91375.18
2,52.04,91392.12
2,52.06,91409.23
2,52.07,91426.16
2,52.10,91443.32
2,52.10,91460.30
2,52.13,91477.46
2,52.14,91494.45
2,52.17,91511.65
2,52.17,91528.68
2,52.20,91545.91
2,52.21,91562.96
2,52.23,91580.20
2,52.24,91597.27
2,52.27,91614.55
2,52.27,91631.65
2,52.30,91648.95
2,52.31,91666.08
2,52.33,91683.41
2,52.34,91700.55
2,52.37,91717.92
2,52.38,91735.12
2,52.40,91752.50
2,52.41,91769.71
2,52.44,91787.11
2,52.44,91804.34
2,52.47,91821.81
2,52.48,91839.11
2,52.51,91856.59
2,52.51,91873.89
2,52.53,91891.22
2,52.56,91908.77
2,52.56,91926.16
2,52.59,91943.76
2,52.60,91961.18
2,52.63,91978.84
2,52.63,91996.31
2,52.66,92014.01
2,52.67,92031.52
2,52.69,92049.23
2,52.70,92066.77
2,52.73,92084.50
2,52.74,92102.05
2,52.76,92119.84
2,52.77,92137.46
2,52.80,92155.27
2,52.80,92172.89
2,52.83,92190.75
2,52.84,92208.43
2,52.86,92226.34
2,52.87,92244.08
2,52.90,92262.03
2,52.90,92279.80
2,52.93,92297.80
2,52.94,92315.63
2,52.97,92333.70
2,52.97,92351.59
2,53.00,92369.69
2,53.01,92387.61
2,53.03,92405.77
2,53.04,92423.76
2,53.06,92441.79
2,53.09,92460.02
2,53.09,92478.05
2,53.12,92496.34
2,53.13,92514.45
2,53.15,92532.84
2,53.16,92551.03
2,53.19,92569.50
2,53.20,92587.78
2,53.22,92606.30
2,53.23,92624.64
2,53.26,92643.22
2,53.26,92661.61
2,53.29,92680.19
2,53.30,92698.58
2,53.33,92717.24
2,53.33,92735.72
2,53.36,92754.42
2,53.37,92772.94
2,53.39,92791.70
2,53.40,92810.28
2,53.43,92829.14
2,53.43,92847.81
2,53.46,92866.74
2,53.47,92885.48
2,53.49,92904.50
2,53.50,92923.32
2,53.53,92942.38
2,53.54,92961.24
2,53.56,92980.36
2,53.57,92999.28
2,53.59,93018.23
2,53.62,93037.51
2,53.63,93056.59
2,53.65,93075.93
2,53.66,93095.08
2,53.69,93114.50
2,53.69,93133.73
2,53.72,93153.23
2,53.73,93172.54
2,53.76,93192.13
2,53.76,93211.53
2,53.79,93231.17
2,53.80,93250.62
2,53.82,93270.30
2,53.83,93289.80
2,53.86,93309.56
2,53.86,93329.13
2,53.89,93348.95
2,53.90,93368.57
2,53.92,93388.48
2,53.93,93408.19
2,53.96,93428.18
2,53.97,93447.97
2,53.99,93468.05
2,54.00,93487.94
2,54.03,93508.05
2,54.03,93527.97
2,54.06,93548.14
2,54.07,93568.11
2,54.10,93588.38
2,54.10,93608.44
2,54.12,93628.52
2,54.15,93648.93
2,54.15,93669.13
2,54.18,93689.63
2,54.19,93709.93
2,54.22,93730.52
2,54.22,93750.90
2,54.25,93771.58
2,54.26,93792.05
2,54.28,93812.78
2,54.29,93833.31
2,54.32,93854.12
2,54.33,93874.72
2,54.35,93895.58
2,54.36,93916.23
2,54.39,93937.18
2,54.39,93957.92
2,54.42,93978.93
2,54.43,93999.73
2,54.45,94020.80
2,54.46,94041.67
2,54.49,94062.88
2,54.49,94083.87
2,54.52,94105.14
2,54.53,94126.20
2,54.56,94147.55
2,54.56,94168.69
2,54.59,94190.09
2,54.60,94211.29
2,54.62,94232.80
2,54.63,94254.10
2,54.65,94275.45
2,54.68,94297.08
2,54.68,94318.49
2,54.71,94340.22
2,54.72,94361.73
2,54.74,94383.52
2,54.75,94405.08
2,54.78,94426.95
2,54.79,94448.61
2,54.81,94470.51
2,54.82,94492.19
2,54.85,94514.18
2,54.85,94535.95
2,54.88,94558.00
2,54.89,94579.83
2,54.92,94601.98
2,54.92,94623.91
2,54.95,94646.16
2,54.96,94668.18
2,54.98,94690.48
2,54.99,94712.55
2,55.02,94734.93
2,55.02,94757.09
2,55.05,94779.53
2,55.06,94801.75
2,55.08,94824.27
2,55.09,94846.57
2,55.12,94869.20
2,55.13,94891.59
2,55.15,94914.28
2,55.16,94936.74
2,55.18,94959.25
2,55.21,94982.05
2,55.21,95004.62
2,55.24,95027.50
2,55.25,95050.16
2,55.27,95073.09
2,55.28,95095.80
2,55.31,95118.78
2,55.31,95141.53
2,55.34,95164.56
2,55.35,95187.36
2,55.38,95210.48
2,55.38,95233.37
2,55.41,95256.56
2,55.42,95279.53
2,55.44,95302.78
2,55.45,95325.80
2,55.48,95349.11
2,55.49,95372.18
2,55.51,95395.55
2,55.52,95418.70
2,55.55,95442.15
2,55.55,95465.37
2,55.58,95488.88
2,55.59,95512.16
2,55.61,95535.77
2,55.62,95559.13
2,55.65,95582.73
2,55.65,95606.11
2,55.68,95629.77
2,55.69,95653.19
2,55.71,95676.65
2,55.74,95700.40
2,55.74,95723.91
2,55.77,95747.74
2,55.78,95771.33
2,55.80,95795.20
2,55.81,95818.84
2,55.84,95842.76
2,55.84,95866.44
2,55.87,95890.40
2,55.88,95914.12
2,55.90,95938.13
2,55.91,95961.91
2,55.94,95985.91
2,55.95,96009.68
2,55.97,96033.77
2,55.98,96057.61
2,56.01,96081.73
2,56.01,96105.61
2,56.04,96129.77
2,56.05,96153.70
2,56.08,96177.89
2,56.08,96201.84
2,56.11,96226.06
2,56.12,96250.04
2,56.14,96274.27
2,56.15,96298.27
2,56.18,96322.52
2,56.18,96346.54
2,56.21,96370.83
2,56.22,96394.87
2,56.24,96418.95
2,56.27,96443.39
2,56.27,96467.59
2,56.30,96492.05
2,56.31,96516.27
2,56.33,96540.73
2,56.34,96564.95
2,56.37,96589.45
2,56.38,96613.71
2,56.40,96638.23
2,56.41,96662.49
2,56.44,96687.05
2,56.44,96711.36
2,56.47,96735.97
2,56.48,96760.33
2,56.51,96784.97
2,56.51,96809.36
2,56.54,96833.99
2,56.55,96858.38
2,56.57,96883.03
2,56.58,96907.44
2,56.61,96932.09
2,56.61,96956.48
2,56.64,96981.16
2,56.65,97005.58
2,56.67,97030.28
2,56.68,97054.73
2,56.71,97079.43
2,56.72,97103.88
2,56.74,97128.63
2,56.75,97153.14
2,56.77,97177.66
2,56.80,97202.48
2,56.80,97227.04
2,56.83,97251.88
2,56.84,97276.46
2,56.86,97301.32
2,56.87,97325.93
2,56.90,97350.86
2,56.90,97375.54
2,56.93,97400.45
2,56.94,97425.11
2,56.97,97450.00
2,56.97,97474.64
2,57.00,97499.52
2,57.01,97524.14
2,57.03,97549.00
2,57.04,97573.61
2,57.07,97598.45
2,57.08,97623.03
2,57.10,97647.87
2,57.11,97672.45
2,57.14,97697.24
2,57.14,97721.79
2,57.17,97746.52
2,57.18,97771.00
2,57.20,97795.72
2,57.21,97820.20
2,57.24,97844.84
2,57.24,97869.23
2,57.27,97893.82
2,57.28,97918.16
2,57.30,97942.47
2,57.33,97966.95
2,57.33,97991.19
2,57.36,98015.55
2,57.37,98039.68
2,57.39,98064.01
2,57.40,98088.09
2,57.43,98112.37
2,57.43,98136.40
2,57.46,98160.63
2,57.47,98184.61
2,57.49,98208.81
2,57.50,98232.77
2,57.53,98256.95
2,57.54,98280.89
2,57.56,98305.10
2,57.57,98329.07
2,57.60,98353.32
2,57.60,98377.33
2,57.63,98401.78
2,57.64,98425.99
2,57.67,98450.48
2,57.67,98474.73
2,57.70,98499.38
2,57.71,98523.77
2,57.73,98548.54
2,57.74,98573.05
2,57.77,98597.93
2,57.77,98622.55
2,57.80,98647.50
2,57.81,98672.20
2,57.83,98696.98
2,57.85,98721.96
2,57.86,98746.70
2,57.89,98771.53
2,57.90,98796.13
2,57.92,98820.73
2,57.93,98845.10
2,57.96,98869.41
2,57.96,98893.47
2,57.99,98917.39
2,58.00,98941.08
2,58.02,98964.62
2,58.03,98987.91
2,58.06,99010.98
2,58.06,99033.82
2,58.09,99056.44
2,58.10,99078.83
2,58.13,99101.02
2,58.13,99123.00
2,58.16,99144.77
2,58.17,99166.31
2,58.19,99187.67
2,58.20,99208.82
2,58.23,99229.75
2,58.24,99250.47
2,58.26,99271.00
2,58.27,99291.32
2,58.30,99311.44
2,58.30,99331.35
2,58.33,99351.09
2,58.34,99370.63
2,58.36,99389.95
2,58.38,99409.09
2,58.39,99428.02
2,58.42,99446.76
2,58.42,99465.30
2,58.45,99483.70
2,58.46,99501.90
2,58.49,99519.91
2,58.49,99537.75
2,58.52,99555.41
2,58.53,99572.88
2,58.55,99590.18
2,58.56,99607.30
2,58.59,99624.28
2,58.59,99641.09
2,58.62,99657.73
2,58.63,99674.20
2,58.65,99690.52
2,58.66,99706.67
2,58.69,99722.66
2,58.70,99738.49
2,58.72,99754.16
2,58.73,99769.66
2,58.76,99785.02
2,58.76,99800.23
2,58.79,99815.27
2,58.80,99830.16
2,58.83,99844.89
2,58.83,99859.48
2,58.86,99873.92
2,58.87,99888.23
2,58.88,99902.38
2,58.91,99916.39
2,58.92,99930.26
2,58.95,99943.99
2,58.95,99957.59
2,58.98,99971.03
2,58.99,99984.34
2,59.01,99997.53
2,59.02,100010.59
2,59.05,100023.55
2,59.06,100036.37
2,59.08,100049.05
2,59.09,100061.61
2,59.12,100074.05
2,59.12,100086.36
2,59.15,100098.55
2,59.16,100110.63
2,59.18,100122.57
2,59.19,100134.39
2,59.22,100146.09
2,59.22,100157.66
2,59.25,100169.14
2,59.26,100180.51
2,59.29,100191.77
2,59.29,100202.91
2,59.32,100213.95
2,59.33,100224.88
2,59.35,100235.68
2,59.36,100246.37
2,59.38,100256.97
2,59.41,100267.45
2,59.42,100277.84
2,59.44,100288.12
2,59.45,100298.30
2,59.48,100308.38
2,59.49,100318.35
2,59.51,100328.25
2,59.52,100338.05
2,59.55,100347.73
2,59.55,100357.33
2,59.58,100366.80
2,59.59,100376.19
2,59.61,100385.51
2,59.62,100394.73
2,59.65,100403.86
2,59.65,100412.89
2,59.68,100421.84
2,59.69,100430.69
2,59.72,100439.45
2,59.72,100448.12
2,59.75,100456.68
2,59.76,100465.16
2,59.78,100473.57
2,59.79,100481.90
2,59.82,100490.13
2,59.83,100498.27
2,59.85,100506.33
2,59.86,100514.30
